Date,CCMP_AdvPct,CCMP_MA50Pct,CN_AdvPct,CN_MA50Pct,DJI_ADX,DJI_Regime,HK_AdvPct,HK_MA50Pct,HSI_ADX,HSI_AdvPct,HSI_MA50Pct,HSI_Regime,HSTECH_ADX,HSTECH_AdvPct,HSTECH_MA50Pct,HSTECH_Regime,INDU_AdvPct,INDU_MA50Pct,JP_AdvPct,JP_MA50Pct,MID_AdvPct,MID_MA50Pct,N225_ADX,N225_Regime,NDX_ADX,NDX_Regime,NKY_AdvPct,NKY_MA50Pct,RAY_AdvPct,RAY_MA50Pct,RIY_AdvPct,RIY_MA50Pct,RTY_AdvPct,RTY_MA50Pct,S5COND_AdvPct,S5COND_MA50Pct,S5CONS_AdvPct,S5CONS_MA50Pct,S5ENRS_AdvPct,S5ENRS_MA50Pct,S5FINL_AdvPct,S5FINL_MA50Pct,S5HLTH_AdvPct,S5HLTH_MA50Pct,S5INDU_AdvPct,S5INDU_MA50Pct,S5INFT_AdvPct,S5INFT_MA50Pct,S5MATR_AdvPct,S5MATR_MA50Pct,S5TELS_AdvPct,S5TELS_MA50Pct,S5UTIL_AdvPct,S5UTIL_MA50Pct,SHCOMP_ADX,SHCOMP_AdvPct,SHCOMP_MA50Pct,SHCOMP_Regime,SICOM_AdvPct,SICOM_MA50Pct,SML_AdvPct,SML_MA50Pct,SPX_ADX,SPX_AdvPct,SPX_MA50Pct,SPX_Regime,SZCOMP_ADX,SZCOMP_Regime,US10Y,US_AdvPct,US_MA50Pct,VIX
2026-06-30,,,57.2,22.9,23.5,BULL,45.4,9.9,33.8,,,BEAR,27.7,,,BEAR,,,50.8,53.1,,,28.3,BULL,20.3,BULL,,,,,,,,,,,,,,,,,,,,,,,,,,,,,18.3,,,CHOPPY,,,,,22.2,,,CHOPPY,23.8,BULL,4.37,66.9,56.3,17.39
2026-07-01,56.7,52.92,,,23.5,BULL,,,32.7,81.1,9.68,BEAR,27.7,55.6,16.67,BEAR,45.7,77.22,,,42.2,66.0,28.3,BULL,20.3,BULL,46.2,55.56,47.7,66.28,49.4,62.61,46.8,68.17,46.8,57.45,45.7,62.86,23.8,38.1,59.2,72.37,40.7,77.97,45.7,77.22,64.9,51.35,19.2,50.0,56.5,21.74,12.9,90.32,18.3,54.5,23.5,CHOPPY,60.3,29.4,37.4,71.59,22.2,46.0,64.94,CHOPPY,23.8,BULL,4.41,,,16.66
2026-07-02,51.9,53.86,,,23.8,BULL,,,33.8,16.1,8.6,BEAR,27.7,55.6,16.67,BEAR,40.0,56.67,,,49.2,65.5,27.3,BULL,19.2,BULL,43.0,51.56,48.4,66.04,45.5,61.53,50.0,68.38,40.4,55.32,8.8,61.76,23.8,23.81,38.2,71.05,30.5,67.8,76.5,77.22,68.9,52.7,53.8,53.85,43.5,17.39,3.2,90.32,17.4,50.7,25.17,CHOPPY,70.7,32.6,53.2,71.43,21.1,42.3,62.48,BULL,23.3,BULL,4.47,,,16.38
2026-07-03,58.4,55.39,,,24.6,BULL,,,33.9,0.0,8.6,BEAR,28.6,70.0,20.0,BEAR,60.0,60.0,,,49.4,65.5,26.7,BULL,18.1,BULL,76.2,60.44,56.0,67.02,55.5,62.57,56.2,69.33,48.9,55.32,70.6,58.82,14.3,19.05,97.4,80.26,83.1,76.27,45.7,72.15,47.3,55.41,50.0,53.85,73.9,26.09,9.7,80.65,16.7,77.3,27.97,CHOPPY,33.3,29.8,51.2,72.92,19.9,59.3,63.87,BULL,23.0,BULL,4.47,,,16.26
2026-07-04,44.6,54.58,,,24.6,BULL,,,35.1,77.4,13.98,BEAR,28.4,73.3,20.0,BEAR,83.3,70.0,,,63.2,66.25,26.7,BULL,18.1,BULL,84.0,70.22,54.4,67.28,66.2,64.64,48.3,68.65,72.3,61.7,91.2,64.71,81.0,19.05,84.2,84.21,86.4,91.53,56.8,73.42,32.4,50.0,84.6,57.69,65.2,30.43,90.3,87.1,16.3,42.2,26.52,BEAR,63.5,33.4,54.6,72.71,19.9,71.2,67.47,BULL,21.5,CHOPPY,4.37,,,15.81
2026-07-07,0.0,54.82,,,25.6,BULL,,,35.4,87.0,19.35,BEAR,28.2,62.1,30.0,BEAR,0.0,70.0,,,0.0,66.25,25.9,BULL,17.6,CHOPPY,78.7,77.78,0.0,67.28,0.0,64.64,0.0,68.65,0.0,61.7,0.0,64.71,0.0,19.05,0.0,84.21,0.0,91.53,0.0,73.42,0.0,50.0,0.0,57.69,0.0,30.43,0.0,87.1,15.9,68.1,28.15,BEAR,45.4,31.4,0.0,72.71,19.1,0.0,67.47,BULL,20.1,CHOPPY,4.48,,,15.91
2026-07-08,35.6,52.61,,,26.7,BULL,,,33.5,20.9,19.35,BEAR,28.1,26.7,23.33,BEAR,60.0,66.67,,,40.6,62.25,22.2,CHOPPY,17.0,BULL,42.2,73.78,41.7,65.04,48.8,63.79,38.0,65.69,57.4,57.45,79.4,61.76,85.7,38.1,60.5,86.84,67.8,93.22,28.4,72.15,37.8,45.95,23.1,57.69,69.6,30.43,90.3,90.32,16.4,13.2,22.87,BEAR,20.2,27.8,40.9,70.72,18.2,56.9,67.86,BULL,18.7,CHOPPY,4.53,,,16.13
2026-07-09,35.6,52.61,,,28.0,BULL,,,34.5,20.9,19.35,BEAR,27.2,90.0,26.67,BEAR,60.0,66.67,,,40.6,62.25,23.6,BULL,17.3,CHOPPY,23.2,64.44,41.7,65.04,48.8,63.79,38.0,65.69,57.4,57.45,79.4,61.76,85.7,38.1,60.5,86.84,67.8,93.22,28.4,72.15,37.8,45.95,23.1,57.69,69.6,30.43,90.3,90.32,16.4,13.2,22.87,BEAR,30.0,24.8,40.9,70.72,17.6,56.9,67.86,BULL,18.7,CHOPPY,4.59,,,18.15
2026-07-10,34.1,51.25,,,27.4,BULL,,,33.5,79.3,25.81,BEAR,25.4,23.3,26.67,CHOPPY,20.0,63.33,,,22.8,57.75,22.2,CHOPPY,17.8,CHOPPY,34.5,64.89,27.9,62.35,22.8,60.06,30.6,63.53,14.9,40.43,23.5,64.71,81.0,38.1,10.5,81.58,13.6,89.83,18.5,68.35,51.4,50.0,15.4,53.85,8.7,30.43,12.9,83.87,17.0,32.7,20.69,BEAR,51.8,26.8,22.4,67.17,17.7,22.3,64.27,BULL,18.8,CHOPPY,4.55,,,16.04
2026-07-11,64.9,53.27,,,26.7,BULL,,,31.3,28.3,24.73,CHOPPY,24.2,76.7,26.67,CHOPPY,43.3,60.0,,,74.8,61.75,20.9,CHOPPY,17.3,BULL,42.0,63.56,67.7,64.12,66.9,61.92,68.2,65.26,80.9,44.68,14.7,55.88,14.3,33.33,71.1,88.16,62.7,93.22,64.2,67.09,87.8,52.7,53.8,50.0,60.9,30.43,19.4,80.65,17.9,47.7,21.37,BEAR,58.9,25.6,71.5,69.33,17.0,59.8,65.07,BULL,18.4,CHOPPY,4.55,,,15.55
2026-07-14,44.5,52.86,,,26.3,BULL,,,29.2,82.2,29.03,CHOPPY,23.3,30.0,23.33,CHOPPY,60.0,66.67,,,60.7,63.25,19.6,CHOPPY,16.7,BULL,39.1,59.56,53.4,64.98,60.0,63.69,49.8,65.65,74.5,55.32,94.1,64.71,71.4,33.33,76.3,89.47,47.4,93.22,72.8,72.15,45.9,51.35,88.5,57.69,39.1,34.78,90.3,87.1,18.0,67.5,22.05,BEAR,16.8,17.4,57.2,72.0,15.8,67.9,68.46,BULL,17.6,CHOPPY,4.59,,,16.5
2026-07-15,37.3,50.46,,,26.2,BULL,,,27.3,58.4,29.03,CHOPPY,21.9,66.7,30.0,CHOPPY,56.7,66.67,,,50.5,63.0,18.4,CHOPPY,16.6,CHOPPY,79.0,64.89,47.1,63.37,50.1,62.51,45.5,63.82,29.8,42.55,67.6,67.65,85.7,47.62,67.1,89.47,59.3,88.14,38.3,70.89,33.8,40.54,30.8,53.85,73.9,39.13,87.1,90.32,19.2,19.1,17.33,BEAR,73.4,23.6,51.7,72.17,14.8,54.5,66.07,BULL,18.1,CHOPPY,4.56,,,16.27
2026-07-16,48.1,50.09,,,25.3,BULL,,,25.6,77.8,36.56,CHOPPY,20.7,67.9,30.0,CHOPPY,33.3,56.67,,,56.0,62.0,17.7,CHOPPY,16.2,CHOPPY,79.0,64.89,48.8,62.61,49.3,61.63,48.5,63.12,38.3,44.68,8.8,50.0,61.9,42.86,35.5,86.84,23.7,79.66,51.9,68.35,58.1,45.95,42.3,53.85,30.4,39.13,38.7,93.55,20.8,75.8,20.61,BEAR,73.4,23.6,50.2,70.67,13.8,40.8,63.67,BULL,18.8,CHOPPY,4.59,,,16.5
2026-07-17,56.1,50.49,,,24.7,BULL,,,24.0,76.4,37.63,CHOPPY,19.4,67.9,30.0,CHOPPY,56.7,56.67,,,60.0,66.5,17.2,CHOPPY,16.1,CHOPPY,69.4,68.44,59.4,63.74,53.8,62.71,62.3,64.27,74.5,51.06,52.9,55.88,4.8,38.1,68.4,88.16,67.8,83.05,40.7,63.29,32.4,36.49,57.7,53.85,91.3,43.48,16.1,74.19,21.8,63.3,22.95,BEAR,60.0,26.6,68.6,72.17,13.1,51.3,62.28,BULL,19.1,CHOPPY,4.55,,,15.67
2026-07-18,41.6,49.09,,,24.4,BULL,,,22.9,76.3,52.69,CHOPPY,19.1,10.0,30.0,CHOPPY,73.3,60.0,,,74.2,71.75,16.2,CHOPPY,16.5,CHOPPY,31.8,57.33,61.2,66.42,67.9,67.12,57.6,66.06,78.7,57.45,100.0,70.59,81.0,47.62,78.9,89.47,89.8,86.44,72.8,68.35,36.5,39.19,65.4,61.54,65.2,43.48,83.9,87.1,23.6,40.8,21.23,BEAR,11.8,19.0,72.1,77.17,12.2,73.6,67.66,BULL,20.0,BEAR,4.54,,,18.95
2026-07-21,36.7,48.08,,,23.0,CHOPPY,,,20.0,26.4,46.24,CHOPPY,18.0,86.7,43.33,CHOPPY,23.3,56.67,,,31.2,67.5,17.0,CHOPPY,17.6,BEAR,0.0,57.33,32.3,63.54,32.0,63.42,32.4,63.59,14.9,51.06,17.6,70.59,71.4,61.9,26.3,90.79,27.1,81.36,19.8,64.56,44.6,32.43,34.6,57.69,26.1,34.78,9.7,77.42,28.3,8.7,14.62,BEAR,61.0,23.2,30.1,73.62,12.5,29.2,64.47,CHOPPY,23.9,BEAR,4.59,,,17.73
2026-07-22,34.6,46.07,,,21.5,CHOPPY,,,19.0,94.5,58.06,CHOPPY,15.9,60.0,46.67,CHOPPY,33.3,60.0,,,25.0,64.5,18.0,CHOPPY,18.3,BEAR,83.5,64.44,31.1,60.52,31.6,61.0,30.8,60.28,29.8,44.68,44.1,73.53,52.4,66.67,34.2,89.47,15.3,79.66,28.4,56.96,50.0,37.84,26.9,50.0,39.1,34.78,22.6,64.52,29.8,40.4,17.59,BEAR,75.0,25.8,29.5,69.33,12.4,32.8,62.28,CHOPPY,24.9,BEAR,4.63,,,17.02
2026-07-23,35.4,46.67,,,20.0,CHOPPY,,,17.7,43.2,53.76,CHOPPY,15.9,10.3,23.33,CHOPPY,43.3,60.0,,,49.0,65.75,18.2,CHOPPY,18.6,BEAR,54.5,66.67,37.2,61.37,47.2,60.57,32.0,61.79,42.6,46.81,67.6,73.53,76.2,85.71,40.8,82.89,20.3,72.88,59.3,63.29,35.1,32.43,84.6,53.85,34.8,39.13,100.0,93.55,30.7,32.2,17.68,BEAR,40.2,27.6,36.2,71.83,12.4,49.3,63.27,BULL,25.6,BEAR,4.66,,,16.64
2026-07-24,35.4,46.67,,,18.8,CHOPPY,,,19.0,43.2,53.76,CHOPPY,15.2,10.3,23.33,CHOPPY,43.3,60.0,,,49.0,65.75,18.0,CHOPPY,18.9,BEAR,54.5,66.67,37.2,61.37,47.2,60.57,32.0,61.79,42.6,46.81,67.6,73.53,76.2,85.71,40.8,82.89,20.3,72.88,59.3,63.29,35.1,32.43,84.6,53.85,34.8,39.13,100.0,93.55,30.7,32.2,17.68,BEAR,40.2,27.6,36.2,71.83,12.1,49.3,63.27,BULL,25.6,BEAR,4.66,,,16.64
2026-07-25,33.9,43.49,,,18.6,CHOPPY,,,17.7,78.5,64.52,CHOPPY,14.8,13.8,23.33,CHOPPY,36.7,50.0,,,37.3,62.0,18.2,CHOPPY,20.0,BEAR,40.6,64.89,34.5,56.99,39.5,56.74,31.8,57.12,10.6,25.53,2.9,58.82,57.1,85.71,38.2,84.21,64.4,72.88,69.1,68.35,35.1,29.73,15.4,38.46,13.0,21.74,80.6,96.77,31.5,74.9,20.59,BEAR,8.4,19.8,28.7,67.17,13.3,42.3,59.68,CHOPPY,26.3,BEAR,4.67,,,18.61
2026-07-28,42.0,42.42,,,17.7,CHOPPY,,,16.9,17.8,56.99,CHOPPY,14.6,80.0,33.33,CHOPPY,76.7,50.0,,,72.2,68.0,18.3,CHOPPY,21.3,BEAR,86.2,71.11,59.8,59.13,68.4,62.44,55.2,57.41,89.4,44.68,85.3,67.65,38.1,85.71,84.2,85.53,64.4,76.27,75.3,73.42,43.2,29.73,76.9,53.85,78.3,30.43,74.2,96.77,32.7,10.6,14.93,BEAR,94.4,26.4,65.1,68.0,14.1,72.2,65.67,CHOPPY,27.2,BEAR,4.65,,,18.61
2026-07-29,60.6,44.87,,,17.7,CHOPPY,,,17.0,76.1,62.37,CHOPPY,13.8,79.3,33.33,CHOPPY,76.7,60.0,,,61.0,69.25,18.3,CHOPPY,21.5,BEAR,86.2,71.11,66.9,62.21,66.0,66.76,67.4,59.84,89.4,57.45,85.3,73.53,19.0,52.38,80.3,93.42,78.0,84.75,65.4,74.68,56.8,40.54,73.1,61.54,78.3,34.78,0.0,87.1,32.8,92.5,18.75,BEAR,94.4,26.4,60.7,70.0,13.8,65.2,69.46,CHOPPY,27.3,BEAR,4.64,,,18.67
2026-07-30,50.5,45.02,,,16.9,BULL,,,15.9,63.6,66.67,CHOPPY,13.1,66.7,46.67,CHOPPY,86.7,60.0,,,70.0,72.0,20.0,CHOPPY,24.4,BEAR,37.3,67.56,63.7,64.53,68.9,69.52,61.0,61.93,83.0,74.47,91.2,88.24,4.8,33.33,82.9,92.11,98.3,91.53,64.2,72.15,45.9,44.59,84.6,73.08,87.0,43.48,51.6,67.74,35.0,46.7,19.02,BEAR,30.3,25.2,70.6,73.17,15.0,71.0,72.26,CHOPPY,28.6,BEAR,4.6,,,18.22
2026-07-31,31.6,41.76,,,16.3,CHOPPY,,,16.0,92.5,79.57,CHOPPY,13.1,34.5,60.0,CHOPPY,23.3,50.0,,,32.0,61.5,21.4,CHOPPY,26.2,BEAR,26.3,66.67,31.2,58.24,34.8,62.83,29.3,55.85,40.4,72.34,70.6,85.29,81.0,61.9,26.3,84.21,47.5,89.83,14.8,56.96,29.7,37.84,30.8,57.69,60.9,52.17,6.5,45.16,36.1,78.3,26.26,BEAR,45.0,38.6,31.1,64.67,16.2,36.2,66.47,CHOPPY,29.6,BEAR,4.62,,,19.09
2026-08-01,59.2,43.83,,,15.8,CHOPPY,,,16.8,56.2,79.57,CHOPPY,13.4,34.5,60.0,CHOPPY,46.7,60.0,,,45.0,62.5,23.2,BEAR,27.3,BEAR,26.3,66.67,49.5,58.0,44.2,61.46,52.3,56.21,34.0,61.7,14.7,73.53,61.9,66.67,51.3,89.47,23.7,86.44,40.7,56.96,66.2,44.59,46.2,61.54,13.0,47.83,29.0,38.71,37.3,40.1,28.01,BEAR,45.0,38.6,43.2,64.67,17.3,39.4,64.67,CHOPPY,30.9,BEAR,4.66,,,17.09
2026-08-04,43.2,42.02,,,14.7,BULL,,,17.8,33.7,78.49,BULL,13.6,53.3,63.33,BULL,60.0,56.67,,,45.6,61.0,24.7,BEAR,27.3,BEAR,42.7,66.22,43.3,55.94,44.2,60.18,42.9,53.73,23.4,59.57,23.5,67.65,95.2,85.71,34.2,89.47,39.0,86.44,65.4,59.49,71.6,41.89,11.5,53.85,47.8,43.48,25.8,19.35,38.2,82.4,32.96,BEAR,74.5,42.8,48.5,63.17,17.1,44.4,62.67,BULL,31.3,BEAR,4.74,,,15.99
2026-08-05,72.0,47.25,,,14.7,BULL,,,18.7,33.0,77.42,BULL,13.9,56.7,66.67,BULL,63.3,66.67,,,72.8,66.25,24.7,BEAR,26.8,CHOPPY,23.5,56.44,76.4,62.1,71.2,63.91,79.1,61.16,63.8,55.32,52.9,64.71,19.0,76.19,75.0,89.47,67.8,89.83,80.5,66.25,71.2,45.21,76.0,56.0,91.7,58.33,45.2,25.81,39.3,71.2,39.93,BEAR,58.4,43.6,79.4,69.17,16.4,67.8,65.47,BULL,31.9,BEAR,4.69,,,15.86
2026-08-06,70.6,50.58,,,15.9,BULL,,,19.8,30.8,75.27,BULL,14.5,82.8,70.0,BULL,83.3,73.33,,,75.8,72.25,24.7,BEAR,25.2,CHOPPY,68.2,56.44,75.0,66.17,75.1,68.53,75.0,64.94,68.1,61.7,67.6,73.53,28.6,71.43,73.7,93.42,50.8,84.75,86.6,70.0,98.6,56.16,92.0,68.0,75.0,62.5,45.2,25.81,40.1,60.6,42.04,BEAR,67.8,51.0,74.1,73.5,17.2,71.8,68.86,BULL,31.3,BEAR,4.63,,,16.01
2026-08-07,41.8,50.43,,,17.5,BULL,,,21.0,51.6,75.27,BULL,0.0,13.3,66.67,CHOPPY,70.0,86.67,,,35.5,69.5,23.1,CHOPPY,23.9,CHOPPY,75.0,62.67,39.5,64.65,43.2,67.32,37.6,63.25,70.2,74.47,47.1,70.59,4.8,38.1,55.3,93.42,62.7,84.75,53.0,67.9,31.5,56.16,68.0,68.0,34.8,60.87,12.9,19.35,39.4,65.4,44.2,CHOPPY,32.4,48.4,34.4,70.28,18.3,48.7,67.86,BULL,30.0,CHOPPY,4.67,,,15.15
2026-08-08,46.7,49.94,,,18.2,BULL,,,21.9,25.8,66.67,BULL,14.9,51.7,66.67,BULL,33.3,80.0,,,33.2,63.5,23.1,CHOPPY,22.3,CHOPPY,66.4,68.0,40.6,61.66,37.8,63.32,42.0,60.8,34.0,68.09,41.2,73.53,90.5,57.14,40.8,89.47,44.1,81.36,37.3,64.63,45.2,56.16,28.0,72.0,65.2,56.52,22.6,9.68,38.3,52.4,46.13,CHOPPY,60.2,48.4,31.3,64.94,19.0,40.4,64.74,BULL,28.6,CHOPPY,4.65,,,14.96
2026-08-11,61.6,52.25,,,18.8,BULL,,,21.6,48.4,67.74,BULL,14.4,90.0,70.0,BULL,66.7,73.33,,,65.4,67.5,21.8,CHOPPY,20.9,CHOPPY,54.3,67.56,63.6,64.36,65.3,65.88,62.6,63.56,70.2,72.34,52.9,67.65,19.0,52.38,35.5,90.79,78.0,81.36,69.9,70.73,78.1,56.16,76.0,64.0,60.9,56.52,67.7,19.35,36.4,53.4,47.62,CHOPPY,66.2,55.6,58.4,65.94,19.7,64.5,66.53,BULL,27.0,CHOPPY,4.69,,,15.24
2026-08-12,61.6,52.25,,,19.3,BULL,,,21.3,48.4,67.74,BULL,14.6,90.0,70.0,BULL,66.7,73.33,,,65.4,67.5,20.7,CHOPPY,19.6,CHOPPY,54.3,67.56,63.6,64.36,65.3,65.88,62.6,63.56,70.2,72.34,52.9,67.65,19.0,52.38,35.5,90.79,78.0,81.36,69.9,70.73,78.1,56.16,76.0,64.0,60.9,56.52,67.7,19.35,34.1,53.4,47.62,CHOPPY,66.2,55.6,58.4,65.94,20.6,64.5,66.53,BULL,25.5,CHOPPY,4.69,,,15.24
2026-08-13,56.6,52.67,,,20.0,BULL,,,22.0,14.1,73.12,BULL,14.3,40.0,56.67,BULL,43.3,66.67,,,56.8,62.0,20.7,CHOPPY,18.3,CHOPPY,60.5,71.11,58.6,61.64,55.7,63.13,60.1,60.87,57.4,65.96,35.3,64.71,90.5,76.19,46.1,84.21,50.8,83.05,66.3,68.29,49.3,54.79,60.0,72.0,60.9,65.22,90.3,12.9,31.7,30.2,54.97,CHOPPY,64.2,54.0,59.3,60.6,20.3,55.1,64.14,BULL,23.9,CHOPPY,4.67,,,14.86
2026-08-14,53.1,53.78,,,22.4,BULL,,,22.5,28.6,70.97,BULL,14.3,34.5,53.33,BULL,50.0,73.33,,,55.9,60.75,24.7,CHOPPY,16.5,CHOPPY,59.5,71.11,57.6,62.64,53.5,63.72,59.8,62.08,31.9,59.57,58.8,64.71,38.1,90.48,57.9,82.89,66.1,86.44,41.0,68.29,58.9,60.27,16.0,68.0,39.1,65.22,87.1,12.9,30.2,72.6,60.27,CHOPPY,23.8,48.8,61.0,61.44,20.6,52.3,65.54,BULL,26.6,CHOPPY,4.64,,,14.69
2026-08-15,54.9,54.91,,,20.9,BULL,,,21.6,36.7,63.44,CHOPPY,13.3,16.7,43.33,CHOPPY,56.7,66.67,,,60.8,63.0,18.3,CHOPPY,16.7,CHOPPY,58.9,71.11,60.6,64.12,63.1,65.88,59.4,63.2,61.7,57.45,91.2,79.41,42.9,80.95,69.7,86.84,40.7,88.14,43.4,69.51,71.2,63.01,40.0,64.0,91.3,73.91,77.4,12.9,28.1,22.9,54.83,CHOPPY,42.2,44.4,65.4,62.44,21.5,63.4,68.73,BULL,25.1,CHOPPY,4.69,,,14.44
2026-08-18,54.9,54.91,,,21.1,BULL,,,21.0,36.7,63.44,CHOPPY,12.1,16.7,43.33,CHOPPY,56.7,66.67,,,60.8,63.0,17.9,CHOPPY,16.3,CHOPPY,58.9,71.11,60.6,64.12,63.1,65.88,59.4,63.2,61.7,57.45,91.2,79.41,42.9,80.95,69.7,86.84,40.7,88.14,43.4,69.51,71.2,63.01,40.0,64.0,91.3,73.91,77.4,12.9,26.6,22.9,54.83,CHOPPY,42.2,44.4,65.4,62.44,22.7,63.4,68.73,BULL,19.6,CHOPPY,4.69,,,14.44
2026-08-19,54.9,54.91,,,20.7,BULL,,,20.0,36.7,63.44,CHOPPY,11.5,16.7,43.33,CHOPPY,56.7,66.67,,,60.8,63.0,20.9,CHOPPY,15.1,CHOPPY,58.9,71.11,60.6,64.12,63.1,65.88,59.4,63.2,61.7,57.45,91.2,79.41,42.9,80.95,69.7,86.84,40.7,88.14,43.4,69.51,71.2,63.01,40.0,64.0,91.3,73.91,77.4,12.9,25.3,22.9,54.83,CHOPPY,42.2,44.4,65.4,62.44,22.4,63.4,68.73,BULL,22.6,CHOPPY,4.69,,,14.44
2026-08-20,54.9,54.91,,,21.7,BULL,,,19.5,36.7,63.44,BULL,11.1,16.7,43.33,CHOPPY,56.7,66.67,,,60.8,63.0,18.0,CHOPPY,14.4,CHOPPY,58.9,71.11,60.6,64.12,63.1,65.88,59.4,63.2,61.7,57.45,91.2,79.41,42.9,80.95,69.7,86.84,40.7,88.14,43.4,69.51,71.2,63.01,40.0,64.0,91.3,73.91,77.4,12.9,24.3,22.9,54.83,CHOPPY,42.2,44.4,65.4,62.44,21.5,63.4,68.73,BULL,21.4,CHOPPY,4.69,,,14.44
2026-08-21,55.0,52.23,,,21.4,BULL,,,18.9,60.4,61.29,CHOPPY,11.0,70.0,53.33,CHOPPY,63.3,63.33,,,55.5,53.25,18.6,CHOPPY,14.0,CHOPPY,81.2,61.78,57.9,58.93,59.0,59.15,57.4,58.81,78.7,63.83,76.5,79.41,57.1,90.48,36.8,69.74,81.4,84.75,44.6,51.22,35.6,47.95,84.0,72.0,75.0,66.67,29.0,16.13,23.3,10.4,42.88,CHOPPY,66.6,35.0,57.1,54.59,21.1,57.5,61.55,BULL,21.1,BEAR,4.7,,,15.92
2026-08-22,36.7,49.85,,,18.5,CHOPPY,,,18.1,76.3,67.74,CHOPPY,10.3,76.7,70.0,CHOPPY,20.0,53.33,,,30.2,49.25,16.7,BEAR,14.6,CHOPPY,61.1,62.22,30.9,54.2,30.7,53.6,31.0,54.51,17.0,42.55,35.3,70.59,57.1,85.71,35.5,60.53,23.7,77.97,24.1,45.12,32.9,45.21,40.0,68.0,25.0,66.67,25.8,16.13,22.3,74.4,50.79,CHOPPY,45.7,30.4,30.6,51.09,20.0,31.8,54.78,BULL,17.7,BEAR,,,,
